Moneda_ID,Tasa
1,1.00
2,1.07
3,1.22
4,0.0075
5,0.65
6,0.73
7,1.10
8,0.14
9,0.090
10,0.095
11,0.14
12,0.74
13,0.13
14,0.00075
15,0.012
16,0.050
17,0.0029
18,0.19
19,0.0011
20,0.00024
21,0.26
22,0.045
23,0.054
24,0.011
25,0.000066
26,0.22
27,0.028
28,0.017
29,0.000043
30,0.032